{
  "population": 1380000000,
  "sigma": 0.2,
  "beta": 1.1023243234490125,
  "gamma": 0.9444142007173547
}